Apple ID,Apple Location,Region
71,Starting Apple,Forest
16,High Fire Ring,Forest
4,Left Vertical Tube,Forest
7,Right Vertical Tube,Forest
12,High Horizontal Tube,Forest
26,Crystal Apple 1,Forest
27,Crystal Apple 2,Forest
28,Crystal Apple 3,Forest
24,Fairy Ring,Forest
18,Behind Waterfall,Forest
3,Fairy Ring Diagonal Tube,Forest
8,Horse Trap Box,Forest
72,Gem's Horse Race,Forest
21,Low Fire Ring,Forest
15,Horse Race Diagonal Tube,Forest
20,High Small Diagonal Tube,Forest
29,Cave Entrance,Forest
39,Bear Apple,Forest
45,West Floating Island,Forest
6,East Floating Island,Forest
38,Wizard Apple 1,Forest
37,Wizard Apple 2,Forest
36,Wizard Apple 3,Forest
1,Lone Apple (Nature Lover),Forest
17,On The Rocks,Forest
10,Stuck Between an Apple and a Hard Place,Desert
30,Apple Casino 1,Desert
31,Apple Casino 2,Desert
32,Apple Casino 3,Desert
83,Tumbleweed,Desert
2,An Apple is an Egg Right? (Nest),Desert
84,Is that a seagull? (Bird Apple) (Bitch Ass Bird = B.A.B.),Desert
42,Arch Apple (i use arch btw),Desert
44,On the Arch Apple,Desert
0,Old Old Town Entrance,Desert
59,Shoot Horseboy,Desert
43,Jail,Desert
19,Top of Saloon,Desert
22,Top of Cactus,Desert
13,Fire Ring,Desert
5,Cactus Ring,Desert
35,Wait I'm Goated (Daredevil),Desert
25,Underground Island,Desert
34,In between a stelagmite and a stelagtite (i cant spell,Desert
47,Chuck's Apple,Desert
9,Canyon Ledge,Desert
11,Between the Rocks,Desert
23,Trench Apple (Towards the north),Desert
14,South Trench,Desert
33,Gorge Runner,Desert
60,Crane,City
62,Crane Cockpit,City
86,Subway,City
67,Subway Bathroom,City
66,West Low H Building,City
63,East Low H Building,City
64,west High H Building,City
65,east High H Building,City
53,Sewer Pipe,City
70,City's Edge (SE),City
68,SE In Between Buildings,City
91,That Fucking Bird That I Hate,City
61,Eat This Apple? Sign,City
90,Top of Building (North),City
69,Ledge of Building (North),City
87,Cardboard Building North,City
88,Cardboard Building South,City
55,Parking Garage 1,City
56,Parking Garage 2,City
57,Parking Garage 3,City
89,Top of Building South,City
58,Ledge (West),City
40,Water Overlook Pier Bridge Thingy,City
85,Doctor Evil,City
76,With the Tractors,Farm
77,In the Tractor,Farm
74,UFO Apple 1,Farm
52,UFO Apple 2,Farm
73,UFO Apple 3,Farm
51,God?,Farm
99,Swing,Farm
54,Dog House,Farm
82,Top of Silo,Farm
94,Over the Tube,Farm
81,Southwest Corn,Farm
93,Tractor Race,Farm
79,UFO Corn,Farm
78,Silo Corn,Farm
48,Horse Fan Club 1,Farm
49,Horse Fan Club 2,Farm
50,Horse Fan Club 3,Farm
46,The Sacrifice,Farm
75,Top of Barn,Farm
96,Upper Barn Rafters,Farm
97,Lower Barn Rafters 1,Farm
98,Lower Barn Rafters 2,Farm
92,Dentist,Farm
95,Behind Barn,Farm
80,North Corn,Farm
999,Golden Apple,Glue